-- phpMyAdmin SQL Dump
-- version 4.8.0
-- https://www.phpmyadmin.net/
--
-- Host: localhost
-- Generation Time: Mar 16, 2020 at 02:34 AM
-- Server version: 10.1.31-MariaDB
-- PHP Version: 7.2.4

SET SQL_MODE = "NO_AUTO_VALUE_ON_ZERO";
SET AUTOCOMMIT = 0;
START TRANSACTION;
SET time_zone = "+00:00";


/*!40101 SET @OLD_CHARACTER_SET_CLIENT=@@CHARACTER_SET_CLIENT */;
/*!40101 SET @OLD_CHARACTER_SET_RESULTS=@@CHARACTER_SET_RESULTS */;
/*!40101 SET @OLD_COLLATION_CONNECTION=@@COLLATION_CONNECTION */;
/*!40101 SET NAMES utf8mb4 */;

--
-- Database: `database`
--

-- --------------------------------------------------------

--
-- Table structure for table `admin`
--

CREATE TABLE `admin` (
  `username` varchar(50) NOT NULL,
  `password` varchar(30) NOT NULL
) ENGINE=InnoDB DEFAULT CHARSET=latin1;

--
-- Dumping data for table `admin`
--

INSERT INTO `admin` (`username`, `password`) VALUES
('admin', 'admin123');

-- --------------------------------------------------------

--
-- Table structure for table `appointment`
--

CREATE TABLE `appointment` (
  `pid` int(11) NOT NULL,
  `ID` int(11) NOT NULL AUTO_INCREMENT,
  `fname` varchar(20) NOT NULL,
  `lname` varchar(20) NOT NULL,
  `gender` varchar(10) NOT NULL,
  `email` varchar(30) NOT NULL,
  `contact` varchar(10) NOT NULL,
  `doctor` varchar(30) NOT NULL,
  `docFees` int(5) NOT NULL,
  `appdate` date NOT NULL,
  `apptime` time NOT NULL,
  `userStatus` int(5) NOT NULL,
  `doctorStatus` int(5) NOT NULL,
  PRIMARY KEY (`ID`)
) ENGINE=InnoDB DEFAULT CHARSET=latin1;

--
-- Dumping data for table `appointment`
--

INSERT INTO `appointment` (`pid`, `ID`, `fname`, `lname`, `gender`, `email`, `contact`, `doctor`, `docFees`, `appdate`, `apptime`, `userStatus`, `doctorStatus`) VALUES
(4, 1, 'ram', 'kumar', 'Male', 'ram@gmail.com', '8838489464', 'Ganesh', 550, '2020-02-14', '10:00:00', 1, 0),
(4, 2, 'shyam', 'kumar', 'Male', 'shyam@gmail.com', '8838489464', 'Dinesh', 700, '2020-02-28', '10:00:00', 0, 1),
(4, 3, 'rohan', 'kumar', 'Male', 'rohan@gmail.com', '8838489464', 'Amit', 1000, '2020-02-19', '03:00:00', 0, 1),
(11, 4, 'sohan', 'kumar', 'Female', 'sohan@gmail.com', '9768946252', 'ashok', 500, '2020-02-29', '20:00:00', 1, 1),
(4, 5, 'arun', 'kumar', 'Male', 'arun@gmail.com', '8838489464', 'Dinesh', 700, '2020-02-28', '12:00:00', 1, 1),
(4, 6, 'varun', 'kumar', 'Male', 'varun@gmail.com', '8838489464', 'Ganesh', 550, '2020-02-26', '15:00:00', 0, 1),
(2, 8, 'tarun', 'kumar', 'Female', 'tarun@gmail.com', '8976897689', 'Ganesh', 550, '2020-03-21', '10:00:00', 1, 1);

-- --------------------------------------------------------

--
-- Table structure for table `contact`
--

CREATE TABLE `contact` (
  `name` varchar(30) NOT NULL,
  `email` text NOT NULL,
  `contact` varchar(10) NOT NULL,
  `message` varchar(200) NOT NULL
) ENGINE=InnoDB DEFAULT CHARSET=latin1;

--
-- Dumping data for table `contact`
--

INSERT INTO `contact` (`name`, `email`, `contact`, `message`) VALUES
('Anu', 'anu@gmail.com', '7896677554', 'Hey Admin'),
('Viki', 'viki@gmail.com', '9899778865', 'Good Job, Pal'),
('Ananya', 'ananya@gmail.com', '9997888879', 'How can I reach you?'),
('Aakash', 'aakash@gmail.com', '8788979967', 'Love your site'),
('Mani', 'mani@gmail.com', '8977768978', 'Want some coffee?'),
('Karthick', 'karthi@gmail.com', '9898989898', 'Good service'),
('Abbis', 'abbis@gmail.com', '8979776868', 'Love your service'),
('Asiq', 'asiq@gmail.com', '9087897564', 'Love your service. Thank you!'),
('Jane', 'jane@gmail.com', '7869869757', 'I love your service!');

-- --------------------------------------------------------

--
-- Table structure for table `doctor`
--

CREATE TABLE `doctor` (
  `username` varchar(50) NOT NULL,
  `password` varchar(50) NOT NULL,
  `email` varchar(50) NOT NULL,
  `spec` varchar(50) NOT NULL,
  `docFees` int(10) NOT NULL
) ENGINE=InnoDB DEFAULT CHARSET=latin1;

--
-- Dumping data for table `doctor`
--

INSERT INTO `doctor` (`username`, `password`, `email`, `spec`, `docFees`) VALUES
('ashok', 'ashok123', 'ashok@gmail.com', 'General', 500),
('arun', 'arun123', 'arun@gmail.com', 'Cardiologist', 600),
('Dinesh', 'dinesh123', 'dinesh@gmail.com', 'General', 700),
('Ganesh', 'ganesh123', 'ganesh@gmail.com', 'Pediatrician', 550),
('Kumar', 'kumar123', 'kumar@gmail.com', 'Pediatrician', 800),
('Amit', 'amit123', 'amit@gmail.com', 'Cardiologist', 1000),
('Abbis', 'abbis123', 'abbis@gmail.com', 'Neurologist', 1500),
('Tiwary', 'tiwary123', 'tiwary@gmail.com', 'Pediatrician', 450);

-- --------------------------------------------------------

--
-- Table structure for table `patient`
--

CREATE TABLE `patient` (
  `pid` int(11) NOT NULL AUTO_INCREMENT,
  `fname` varchar(20) NOT NULL,
  `lname` varchar(20) NOT NULL,
  `gender` varchar(10) NOT NULL,
  `email` varchar(30) NOT NULL,
  `contact` varchar(10) NOT NULL,
  `password` varchar(30) NOT NULL,
  `cpassword` varchar(30) NOT NULL,
  PRIMARY KEY (`pid`)
) ENGINE=InnoDB DEFAULT CHARSET=latin1;

--
-- Dumping data for table `patient`
--

INSERT INTO `patient` (`pid`, `fname`, `lname`, `gender`, `email`, `contact`, `password`, `cpassword`) VALUES
(1, 'Ram', 'Kumar', 'Male', 'ram@gmail.com', '9876543210', 'ram123', 'ram123'),
(2, 'Shyam', 'Kumar', 'Female', 'shyam@gmail.com', '8976897689', 'shyam123', 'shyam123'),
(3, 'Rohan', 'Kumar', 'Male', 'rohan@gmail.com', '8976898463', 'rohan123', 'rohan123'),
(4, 'Sohan', 'Kumar', 'Male', 'sohan@gmail.com', '8838489464', 'sohan123', 'sohan123'),
(5, 'Arun', 'Kumar', 'Male', 'arun@gmail.com', '9070897653', 'arun123', 'arun123'),
(6, 'Varun', 'Singh', 'Male', 'varun@gmail.com', '9059986865', 'varun123', 'varun123'),
(7, 'Tarun', 'Deborah', 'Female', 'tarun@gmail.com', '9128972454', 'tarun123', 'tarun123');

-- --------------------------------------------------------

--
-- Table structure for table `prescription`
--

CREATE TABLE `prescription` (
  `doctor` varchar(50) NOT NULL,
  `pid` int(11) NOT NULL,
  `ID` int(11) NOT NULL AUTO_INCREMENT,
  `fname` varchar(50) NOT NULL,
  `lname` varchar(50) NOT NULL,
  `appdate` date NOT NULL,
  `apptime` time NOT NULL,
  `disease` varchar(250) NOT NULL,
  `allergy` varchar(250) NOT NULL,
  `prescription` varchar(1000) NOT NULL,
  PRIMARY KEY (`ID`)
) ENGINE=InnoDB DEFAULT CHARSET=latin1;

--
-- Dumping data for table `prescription`
--

INSERT INTO `prescription` (`doctor`, `pid`, `ID`, `fname`, `lname`, `appdate`, `apptime`, `disease`, `allergy`, `prescription`) VALUES
('Dinesh', 4, 11, 'Sohan', 'Kumar', '2020-03-27', '15:00:00', 'Cough', 'Nothing', 'Just take a teaspoon of Benadryl every night'),
('Ganesh', 2, 8, 'Shyam', 'Kumar', '2020-03-21', '10:00:00', 'Severe Fever', 'Nothing', 'Take bed rest'),
('Kumar', 9, 12, 'William', 'Blake', '2020-03-26', '12:00:00', 'Sever fever', 'nothing', 'Paracetamol -> 1 every morning and night'),
('Tiwary', 9, 13, 'William', 'Blake', '2020-03-26', '14:00:00', 'Cough', 'Skin dryness', 'Intake fruits with more water content');

COMMIT;
